id,firstname,lastname,email
1,Andie,Ringer,aringer0@nymag.com
2,Kendell,Pretley,kpretley1@weather.com
3,Gabie,Danneil,gdanneil2@ovh.net
4,Moreen,Rowbotham,mrowbotham3@thetimes.co.uk
5,Darryl,Jobbing,djobbing4@qq.com
6,Waverly,O'Geaney,wogeaney5@networkadvertising.org
7,Benni,Maddison,bmaddison6@hp.com
8,Langston,Seath,lseath7@paypal.com
9,Dorry,O'Mohun,domohun8@1und1.de
10,Aharon,Jovicevic,ajovicevic9@facebook.com
11,Felicle,Fetters,ffettersa@google.ru
12,Lonnard,Eccott,leccottb@utexas.edu
13,Dreddy,Capineer,dcapineerc@wordpress.com
14,Salomone,Junes,sjunesd@goo.ne.jp
15,Angelita,Easbie,aeasbiee@adobe.com
16,Queenie,Kloska,qkloskaf@ucoz.ru
17,Ulrikaumeko,Gowrich,ugowrichg@joomla.org
18,Cornall,Leist,cleisth@1und1.de
19,Vidovic,Heaton,vheatoni@youtube.com
20,Laurette,Perigeaux,lperigeauxj@java.com
